"Bereich";"Seitentitel";"URL/Pfad";"Sichtbar angezeigt";"Funktionen/Bedienelemente";"Zugriffsstatus";"Hinweise auf Grenzen"
"Startseite";"Reonic Portal";"/home";"Begrüßung; offene Themen; Aufgaben; Projektzuweisungen für Anfragen/Angebote/Installationen; Datei-Anfragen; Erwähnungen; Agenten- und Signaturübersichten.";"Beobachtet: globale Suche, Reonic KI, Agenten, Tabs/Filter, Öffnen, Hilfe, Updates, Empfehlung, Webinar-Hinweis.";"Zugänglich; angemeldete Identität sichtbar als Daniel Ehmer / WM Erneuerbare Energien.";"Der Auftrag nennt Mikail; diese Browser-Sitzung ist auf Daniel Ehmer angemeldet. Keine Aktionen ausgeführt."
"Aufgaben";"Aufgaben";"/tasks";"1 Ergebnis: Objektaufnahme; Aufgabenliste.";"Beobachtet: Suche, Fälligkeit/Nutzer/Teams/Labels-Filter, Abgeschlossen, Aufgabe hinzufügen, Aktionen.";"Zugänglich";"Datensätze wurden nicht geöffnet oder geändert."
"Dashboard";"Dashboard";"/360h/dashboard";"Sales-Funnel und Kennzahlen; Zeitraum 05.08.2026–02.09.2026; 21 Angebote und weitere Umsatz-/Pipelinewerte sichtbar.";"Beobachtet: Deal-/Zeitraum-/Vergleichsfilter, Nutzer, Teams, Leadquelle, Tags, Archiviert.";"Zugänglich";"Kennzahlen sind zeit- und filterabhängig; keine Datenexporte ausgelöst."
"Wiki";"Wiki";"/wiki";"Firmenvorlagen Speicher-Grundlagen, PV-Grundlagen, Wärmepumpen-Grundlagen; persönlicher Bereich leer.";"Beobachtet: Suche, Firmen-/persönliche Seite erstellen.";"Zugänglich";"Erstellen-Schaltflächen nur beobachtet, nicht verwendet."
"Kontakte";"Kontakte";"/contacts";"187 Kontakte; Listenansicht mit Seitennavigation 1/4 und Kontaktzeilen.";"Beobachtet: Suche, Sortierung Erstellt/Bearbeitet, Kontakt anlegen, Öffnen von Kontakt-Details.";"Zugänglich";"Nicht jeder Datensatz einzeln gecrawlt; repräsentative Detailroute separat erfasst."
"Kontakte – Detail";"Kontakt: Daniel Ehmer";"/contacts/43f94e86-e88f-40e0-9583-d2286b1e05f2";"Kontaktformular; Tabs Mails, Aufgaben, Dateien, Notizen, Aktivität; Hinweis auf 11 mögliche Duplikate.";"Beobachtet: Kontaktfelder, Tabs, Zusammenführen/Speichern; verknüpfte Anfrage/Projekt.";"Zugänglich";"Repräsentative UUID-Detailansicht; viele weitere Kontakt-UUIDs erreichbar, aber nicht einzeln geöffnet. Schreibfunktionen nicht betätigt."
"Kalender";"Kalender";"/calendar";"Monatsansicht September 2026; vier Kalender/Alle; keine Projekttermine in der beobachteten Woche.";"Beobachtet: Heute, Neuer Termin, Kalenderauswahl, Planungsmodus, Monat/Woche/Tag/Agenda.";"Zugänglich";"Neuer Termin nicht geöffnet/erstellt."
"Projekte – Haushalt";"Anfragen";"/360h/requests";"Haushaltsanfragen; Listen-/Kanban-Ansicht; 17 Ergebnisse; Detailzeilen.";"Beobachtet: Importieren, neue Anfrage, Suche, Eingangs-/Status-/Board-/Nutzer-/Teams-/Tags-/Umgewandelt-/Quellen-/Vertriebsstatus-/Lead-Score-/Archiv-Filter.";"Zugänglich";"Detail-UUIDs nur repräsentativ; kein Import/Anlegen."
"Projekte – Gewerbe";"Anfragen";"/360b/requests";"Gewerbe-Unteransicht; Listen-/Kanban-Ansicht und Filterbereich sichtbar.";"Beobachtet: Liste/Kanban, Alle Anfragen, Suche, Status, Tags, Quellen, Vertriebsstatus, Lead-Score, Archiviert, Link zu Haushalt.";"Zugänglich";"Im Text-/UI-Sweep keine belastbare Ergebniszahl bzw. Detailzeile festgehalten; keine Anlage."
"Anfrage – Detail";"Anfrage / Klaus Stubenrauch (Leuchter)";"/360h/request/e77089d9-a13f-44e6-b250-1e56df917a5a/basics";"Allgemeine Kontaktdaten/Projektfelder, Karte, interne Notizen (2), Statuszusammenfassung.";"Beobachtet: Workflow-Navigation, Zuordnung, Notizen/Dateien/Aufgaben/Kalender/Mails, Statusaktionen und Archivieren.";"Zugänglich";"Repräsentative Anfrage-UUID; Status-/Archiv-/Kundenaktionen nicht betätigt."
"Anfrage – Services";"Services";"/360h/request/e77089d9-a13f-44e6-b250-1e56df917a5a/services-de/overview";"Servicekarten für Förderservice, Netzanmeldung, Öltankentsorgung, Baustellenservice, Smartmeter, Finanzierung.";"Beobachtet: Details, Kontakt aufnehmen, Service öffnen.";"Zugänglich";"Kartenfunktionen wurden nur gelesen; kein Kontakt/Service gestartet."
"Anfrage – Lead-Informationen";"Lead-Informationen";"/360h/request/e77089d9-a13f-44e6-b250-1e56df917a5a/request";"Kundennachricht leer; keine Pakete/Systeme; KI-Lead-Analyse mit 62/100 und Aufschlüsselung zu Objekt/Kunde/Solarpotenzial.";"Beobachtet: Lead-Workflow und Analyseansicht.";"Zugänglich";"KI-Wert ist eine Portal-Anzeige, keine unabhängige Prüfung."
"Anfrage – Qualifikation";"Lead-Präqualifikation";"/360h/request/e77089d9-a13f-44e6-b250-1e56df917a5a/checklist";"Lead-Qualifizierung; zwei Pflichtangaben fehlen; Kunde erreicht; Interessen PV/Speicher/Wallbox/Wärmepumpe/Klimaanlage und Umsetzungszeitraum.";"Beobachtet: Checkliste, Als irrelevant markieren, Workflow-Navigation.";"Zugänglich";"Keine Checklistenwerte geändert."
"Projekte – Haushalt";"Angebote";"/360h/offers";"Haushaltsangebote in Listen-/Kanban-Ansichten mit Statusgruppen (u.a. Vorbereitet, Fehlende Infos, In Arbeit, Termin).";"Beobachtet: Standard, Liste/Kanban, Suche, Sortierung Erstellt/Bearbeitet, Nutzer/Teams/Tags/Quellen/Vertriebsstatus/Archiviert.";"Zugänglich";"Angebot anlegen nicht ausgeführt; Detail-UUIDs nicht vollständig gecrawlt."
"Projekte – Gewerbe";"Angebote";"/360b/offers";"Gewerbe-Unteransicht; Liste/Kanban und Filter sichtbar.";"Beobachtet: Standard, Liste/Kanban, Alle Angebote, Suche, Erstellt/Bearbeitet, Nutzer, Teams, Tags, Quellen, Vertriebsstatus, Archiviert, Link zu Haushalt.";"Zugänglich";"Keine belastbare Ergebniszahl im Sweep; keine Anlage."
"Angebot – Detail";"Angebot: Andreas Hofer";"/360h/offer/4c9563f7-06dd-4819-9ab5-a283b8e40ab0/basics";"Status Vorbereitet, Objektaufnahme steht aus; Lead Score 59%; Workflow und leere Bereiche für Notizen/Dateien/Aufgaben/Kalender/Mails.";"Beobachtet: Angebotsworkflow, Status/Zuordnung und Projektkommunikationsbereiche.";"Zugänglich";"Repräsentative Angebots-UUID; keine Status- oder Angebotsänderung."
"Angebot – Beratung";"Beratung";"/360h/offer/e77089d9-a13f-44e6-b250-1e56df917a5a/consultation";"Beratungsansicht mit Statusdialog und Abschnitten Allgemeines, PV usw.";"Beobachtet: Beratungs-/Statusschritte und Workflow-Navigation.";"Zugänglich";"Aufruf mit moveToPrompt=h360Offer öffnete nur die Ansicht; kein Status gespeichert."
"Angebot – Planung";"Planung / Verbrauch";"/360h/offer/e77089d9-a13f-44e6-b250-1e56df917a5a/components/consumption?moveToPrompt=h360Offer";"Planungsschritte I Stromverbrauch, II Gebäude, III Bestand; Variante 1/1; Solar, Speicher, Wallbox, Wärmepumpe, Extras, Zahlung, Ergebnisse, Überprüfung.";"Beobachtet: Eingabefelder Verbrauch/Tarife, Weiter, Planungsschrittnavigation.";"Zugänglich";"Zielroute wird aus dem Angebotsworkflow auf /components/consumption aufgelöst; keine Eingabe/Weiter-Aktion."
"Projekte – Haushalt";"Installationen";"/360h/installations";"Installationsliste und Kanban mit Phasen Machbarkeit, Auftragsbestätigung, erste Zahlung, Netzanschluss, Bestellung/Logistik, Terminplanung, DC/AC-Installation, Inbetriebnahme, Endrechnung, Übergabe.";"Beobachtet: Standard, Liste/Kanban, Installation anlegen, Suche, Sortierung, Nutzer/Teams/Tags/Quellen/Vertriebsstatus/Archiviert.";"Zugänglich";"Keine Installation angelegt; Detail-UUIDs nicht vollständig gecrawlt."
"Projekte – Gewerbe";"Installationen";"/360b/installations";"Gewerbe-Unteransicht; Liste/Kanban, Standard und Filter sichtbar; Installation anlegen war deaktiviert.";"Beobachtet: Liste/Kanban, Alle Installationen, Suche, Erstellt/Bearbeitet, Nutzer, Teams, Tags, Quellen, Vertriebsstatus, Archiviert, Link zu Haushalt.";"Zugänglich; Anlage-Schaltfläche deaktiviert";"Keine belastbare Ergebniszahl im Sweep; kommerzielle Anlage offenbar eingeschränkt/deaktiviert."
"Installation – Terminierung";"Terminierung";"/360h/installation/6870b28e-3a96-420f-b3ec-73794c782e24/calendar";"Workflowphasen und Kalenderansicht 31.08.–06.09.2026 (KW36), fünf Kalender; keine Projekttermine sichtbar.";"Beobachtet: Kalenderansicht, Workflownavigation, Kalenderauswahl.";"Zugänglich";"Repräsentative Installations-UUID; kein Termin erstellt."
"Installation – Arbeitsheft";"Arbeitsheft";"/360h/installation/6870b28e-3a96-420f-b3ec-73794c782e24/workbook";"Kein Installationsvariante ausgewählt; Hinweis Jetzt auswählen!.";"Beobachtet: Varianten-/Arbeitsheft-Navigation.";"Zugänglich";"Keine Variante ausgewählt oder geändert."
"Installation – Baustellendokumentation";"Baustellendokumentation";"/360h/installation/6870b28e-3a96-420f-b3ec-73794c782e24/installation";"Checkliste u.a. Bohrungen (optional) und Phasen; sechs Pflichtfelder fehlen.";"Beobachtet: Dokumentations-/Checklistenbereiche und Workflownavigation.";"Zugänglich";"Keine Pflichtfelder oder Checklistenwerte geändert."
"Verwaltung";"Photogrammetrie";"/photogrammetry/jobs";"2 Ergebnisse, Jobs al Jendi, Huttenheiim und Menges, Uwe – Schriesheim; beide abgeschlossen.";"Beobachtet: Job erstellen, Suche nach Jobname, Nutzer- und Archivfilter, Job-Detail öffnen.";"Zugänglich";"Job erstellen nicht verwendet; zwei Detailrouten vorhanden, eine repräsentativ geprüft."
"Photogrammetrie – Detail";"Photogrammetrie / al Jendi, Huttenheiim";"/photogrammetry/jobs/e4801ef4-a8bb-4636-a37b-ac9094e7d056";"125 Bilder/Videos ausgewählt; Flugpfad überprüft; 3D-Modellkonstruktion abgeschlossen am 04.04.2026; 3D-Szene pausiert; Vorabplanung/Download sichtbar.";"Beobachtet: Schritte Bilder hochladen, Flugpfad prüfen, Job starten, Assets/Job-Ausgaben löschen/zurücksetzen, Herunterladen, Zum Angebot hinzufügen.";"Zugänglich";"Abgeschlossene Assets laut Anzeige nicht bearbeitbar; Reset/Löschen nur als Hinweis beobachtet und nicht ausgeführt. Repräsentative UUID."
"Services";"Wärmepumpenförderung";"/services/hp-subsidy/subsidies";"Serviceübersicht mit Statusspalten Angefragt von, Angefragt am, Status; keine Einträge; Beschreibung des Förderservices und Nachrichtenbereich.";"Beobachtet: Neuer Service/Anfrage, Statusübersicht, Nachrichten; Services-Untermenüs.";"Zugänglich";"Keine Anfrage erstellt; die Einstiegsroute /services/hp-subsidy leitet auf /subsidies um."
"Services";"Netzanmeldung Statusübersicht";"/services/grid-registration/grid-registrations?view=pv";"PV-Statusspalten 1b bis 10 mit jeweils 0; Erklärtexte zu Antrag, Rückfragen, Prüfung, Netzbetreiber, Fertigmeldung und Abschluss.";"Beobachtet: Ansichten PV/Wärmepumpe/Wallbox, Neu, Statusübersicht, Servicehinweise.";"Zugänglich";"Keine Anmeldung gestartet; alternative view-Parameter waren teilweise fehleranfällig bzw. lieferten denselben Zustand."
"Services";"Netzanmeldung Statusübersicht – Wallbox-Parameter";"/services/grid-registration/grid-registrations?view=wallbox";"Dieselbe Statusübersicht wie beim PV-Aufruf; Servicehinweis nennt PV- oder Wärmepumpenprojekte.";"Beobachtet: Statusansicht und Neu-Schaltfläche.";"Zugänglich, aber Parameterwirkung nicht verifiziert";"Direkter Aufruf zeigte keinen eindeutig anderen Wallbox-Datensatz; keine Aktion ausgeführt."
"Services";"Öltankentfernung";"/services/oil-tank-removal/oil-tank-removals";"Keine Einträge; Kundenname, Angefragt von/am, Status; Beschreibung zertifizierte Entsorgung, Angebot binnen 24 Stunden, Bestätigung/Tracking.";"Beobachtet: Neu, Anfrage-/Statusübersicht, Okay.";"Zugänglich";"Keine Entsorgungsanfrage erstellt; Einstiegsroute leitet auf /oil-tank-removals um."
"Services";"Baustellenservice";"/services/baustellenservice/baustellenservices";"Keine Einträge; Kundenname, Angefragt von/am, Status; Crew-/Abhol-/Fotodaten und Statusverfolgung erklärt.";"Beobachtet: Neu, Anfrage-/Statusübersicht, Okay.";"Zugänglich";"Keine Crew-Anfrage erstellt; Einstiegsroute leitet auf /baustellenservices um."
"Verkaufsassistent";"Verkaufsassistent";"/sales-assistant";"Bereich Allgemein/Neue Analyse/Analysen/Wettbewerber; eine Analyse und Wettbewerber My Solar Express sowie WM Erneuerbare Energien sichtbar.";"Beobachtet: Suche, Neue Analyse, Analyse-/Wettbewerber-Detail, Konkurrenzangebote hochladen; Zustimmung erforderlich; Analyse erstellen war deaktiviert.";"Zugänglich";"Keine PDFs/Bilder hochgeladen, keine Analyse gestartet; Upload-/KI-Funktionen nicht ausgeführt."
"Verkaufsassistent – Analyse";"Verkaufsassistent / WM Erneuerbare Energien – 11,25kWp PV mit Speicher & Wallbox";"/sales-assistant/d7a43086-8028-4224-bbf9-82dfe9f67044";"Vergleich zweier Angebote; Preis-/Leistungswerte; Stärken/Schwächen; nächste Schritte; fünf weitere Hinweise.";"Beobachtet: Angebot hinzufügen, Druck/Angebotsdetails, Wettbewerber ansehen, detaillierte Analyse.";"Zugänglich";"Repräsentative Analyse-UUID; keine Daten ergänzt oder neu analysiert."
"Verkaufsassistent – Wettbewerber";"Wettbewerber / My Solar Express";"/sales-assistant/competitors/a12e6f98-0e5f-4925-8c25-c1584775dd34";"1 verknüpftes Angebot; Stimmung durchwachsen; Bewertungen/Firmeninformationen und verknüpftes Angebot sichtbar.";"Beobachtet: Daten aktualisieren, Analyse anzeigen, Wettbewerber-Navigation.";"Zugänglich";"Externe Wettbewerberangaben sind Portalinhalt und wurden nicht unabhängig validiert; kein Aktualisieren ausgeführt."
"Rechnungen";"Rechnungen – Übersicht";"/invoicing/document-groups";"Dokumentgruppen Übersicht/Rechnungen/Gutschriften/Auftragsbestätigungen/Bestellungen/Lieferscheine/Briefe; überall 0; 0 Artikel.";"Beobachtet: Neu, Archiviert, Gruppen-Navigation, Suche nach Rechnungen/Projekten.";"Zugänglich";"Keine Dokumente erstellt."
"Rechnungen";"Rechnungen";"/invoicing/all-invoices";"Keine Einträge; Filter Status, Zahlungsstatus, Ausstellungs-/Fälligkeitsdatum, Archiviert.";"Beobachtet: Neu, Suche, Status-/Zahlungs-/Datumsfilter.";"Zugänglich";"Erstellungsschaltfläche nur beobachtet."
"Rechnungen";"Gutschriften";"/invoicing/credit-notes";"Keine Einträge; Filter Status, Typ, Ausstellungsdatum, Lieferdatum, Archiviert.";"Beobachtet: Neu, Suche, Filter.";"Zugänglich";"Keine Gutschrift erstellt."
"Rechnungen";"Auftragsbestätigungen";"/invoicing/offer-confirmations";"Keine Einträge; Filter Status, Ausstellungsdatum, Archiviert; Spalten für Liefer-/Leistungsdatum.";"Beobachtet: Neu, Suche, Filter.";"Zugänglich";"Keine Auftragsbestätigung erstellt."
"Rechnungen";"Bestellungen";"/invoicing/purchase-orders";"Keine Einträge; Filter Status, Ausstellungsdatum, Archiviert; Hinweis erste Bestellung erstellen.";"Beobachtet: Neu, Suche, Filter.";"Zugänglich";"Keine Bestellung erstellt."
"Rechnungen";"Lieferscheine";"/invoicing/deliver-notes";"Keine Einträge; Filter Status, Ausstellungsdatum, Archiviert; Hinweis ersten Lieferschein erstellen.";"Beobachtet: Neu, Suche, Filter.";"Zugänglich";"Kein Lieferschein erstellt."
"Rechnungen";"Briefe";"/invoicing/letters";"Keine Einträge; Filter Status, Ausstellungsdatum, Archiviert; Hinweis ersten Brief erstellen.";"Beobachtet: Neu, Suche, Filter.";"Zugänglich";"Kein Brief erstellt."
"Rechnungen";"Berichte";"/backoffice/reports";"Einnahmen/Cashflow diesen Monat 0 €, ausstehend/überfällig 0 €, keine neuesten Dokumente; Einnahmen nach Status und Überfälligkeitsbericht leer/0.";"Beobachtet: Übersicht, Forderungen, Daten herunterladen.";"Zugänglich";"Keine Daten heruntergeladen; Werte beziehen sich auf sichtbaren aktuellen Zeitraum."
"Zeiterfassung";"Zeiterfassung";"/timetracking";"Onboarding: Timer, manuelle Einträge, Projektverknüpfung, Pausen, Filtern/Suchen, Excel-Export; keine konkreten Einträge sichtbar.";"Beobachtet: Einführung/Verstanden; die beschriebenen Funktionen umfassen Timer, manuelle Zeit, Filter/Suche und Excel-Export.";"Zugänglich";"Verstanden nicht betätigt; kein Timer gestartet, kein Eintrag/Export."
"Komponenten";"Komponenten";"/settings/components/all";"Komponentenliste mit Name, Typ, Preis; viele PV-/Wallbox-/Speicher-/Serviceartikel.";"Beobachtet: Suche, Quelle/Typ/Erstellt/Bearbeitet/Archiviert-Filter, Komponente importieren, Komponenten-Detail öffnen.";"Zugänglich";"Sehr große Liste; nicht jeder Artikel einzeln geöffnet."
"Komponente – Detail";"Komponenten / SigenStor EVDC 25";"/settings/component/fab6b3b9-b51f-4725-9e22-8a66288d109d/latest";"Stammdaten, Marke/Artikelnummer/GTIN, Bauteiltyp, Einheit, Einkaufs-/Verkaufspreis, MwSt., Eigenschaften, Beschreibung, Datenblatt, Garantie, Bedienungsanleitung und 3D/AR-Bereich.";"Beobachtet: Bild ablegen, Bearbeiten, Text hinzufügen, Dokumente/3D-Modell hochladen, Speichern/Schließen.";"Zugänglich";"Repräsentative Komponenten-UUID; keine Felder/Dateien geändert."
"Updates";"Release Notes";"/release-notes";"28 sichtbare Produktupdates, u.a. Batterien/flexible Tarife/Margen, KI-Funktionen, Boards, Zeiterfassung, Services, Integrationen, Benachrichtigungen, Rechnungen, Suche und Branding.";"Beobachtet: Update-Liste/Lesen.";"Zugänglich";"Update-Inhalte sind zeitabhängig; keine weitere Produktaktion."
"Einstellungen – Nutzer";"Mein Nutzer / Profil";"/portal-settings";"Profilfelder, Buchungslink, persönliche Energyhouse-URL, Standort, WhatsApp-KI-Assistent, E-Mail-Signatur; Google Workspace nicht verbunden; Microsoft-Konto Daniel Ehmer verbunden.";"Beobachtet: Profil-/Verbindungs-/Signaturfelder, Speichern.";"Zugänglich";"Keine Profiländerung; Anzeige bezieht sich auf Daniel Ehmer."
"Einstellungen – Firmeneinstellungen";"Firmendetails";"/portal-settings?settings=company-details";"Firmendaten von WM erneuerbare Energien GmbH; Kontakt-/Adress-/Steuer-/Telefonfelder; ein Telefonfeld als ungültig markiert.";"Beobachtet: Firmendatenformular, Speichern.";"Zugänglich";"Keine Änderung; Formularvalidierung nicht ausgelöst."
"Einstellungen – Firmeneinstellungen";"Branding";"/portal-settings?settings=branding";"Logo, Primärfarbe #F25A29, Sekundärfarbe #2E4F6A und Angebotsvorschau.";"Beobachtet: Logo hochladen, Farben bearbeiten, Speichern.";"Zugänglich";"Keine Upload-/Farbänderung."
"Einstellungen – Firmeneinstellungen";"Pflichtfelder";"/portal-settings?settings=required-fields";"Pflichtfeldkonfiguration: Kontakte Vor-/Nachname; Projekte E-Mail und Adresse; API davon ausgenommen.";"Beobachtet: Pflichtfeldschalter/Checkboxen, Speichern.";"Zugänglich";"Keine Konfiguration geändert."
"Einstellungen – Firmeneinstellungen";"Lizenzen & Rechnungen";"/portal-settings?settings=licenses-and-billing";"Zahlungs-/Rechnungsdaten, Rechnungskontakt; aktive H360Collaborator-Lizenz seit 01.03.2026; Kündigungsoption.";"Beobachtet: Lizenz-/Rechnungsverwaltung, Kündigungsschaltfläche.";"Zugänglich";"Keine Kündigung oder Zahlungsänderung."
"Einstellungen – Firmeneinstellungen";"Nutzer & Teams";"/portal-settings?settings=users&tab=users";"Tabs Nutzer/Teams; Daniel Ehmer als Admin/H360Collaborator und Mikail Aslan als Editor sichtbar.";"Beobachtet: Suche/Filter Rolle, Lizenz, Berechtigungen, Rechte, externe Nutzer, Archiviert; Nutzer erstellen.";"Zugänglich";"Nutzer- und Rechteinformationen sind sitzungsbezogen; kein Nutzer erstellt/geändert."
"Einstellungen – Firmeneinstellungen";"Features";"/portal-settings?settings=features";"Feature-Schalter für Wiki, Zeiterfassung Beta, Kalender, Rechnungsstellung Beta, Sprachnotiz, AR iOS Beta, Vorlagen-/Dateizugriff, Rücktritt, mehrere KI-Funktionen.";"Beobachtet: Feature-Toggles, Speichern.";"Zugänglich";"Keine Schalter geändert."
"Einstellungen – Firmeneinstellungen";"Integrationen";"/portal-settings?settings=integrations";"Überschrift Integrationen sichtbar, danach blieb Inhalt auch nach Wartezeit leer.";"Keine belastbaren Bedienelemente beobachtet.";"Zugänglich, aber Inhalt technisch leer/unvollständig";"Google-Workspace-/Microsoft-Status nur aus Profil/Kalender/Postfach ersichtlich; Integrationsseite selbst nicht auswertbar."
"Einstellungen – Organisation";"Rechnungsstellung";"/portal-settings?settings=invoicing&tab=issuing-details";"Rechnungs-Firmendaten, Steuer-/Zahlungsdetails, Textvorlagen und Nummerierung.";"Beobachtet: Formularfelder, Speichern.";"Zugänglich";"Keine Rechnungsdaten geändert."
"Einstellungen – Organisation";"Persönliche Terminkalender";"/portal-settings?settings=calendars&tab=personal-calendars";"Standard-Reonic-Kalender; keine persönliche Microsoft-/Google-Kalender vorhanden.";"Beobachtet: Microsoft-Kalender hinzufügen, Google-Account verbinden, Standardkalender.";"Zugänglich";"Externe Verbindung nicht hergestellt."
"Einstellungen – Organisation";"Unternehmenskalendar";"/portal-settings?settings=calendars&tab=company-calendars";"Google Workspace-Bereich mit Verbindungsaufforderung; Reonic-Kalender-Bereich.";"Beobachtet: Google-Workspace verbinden, Google-Kalender hinzufügen, Reonic-Kalender erstellen.";"Zugänglich; Google Workspace nicht verbunden";"Keine Verbindung/Erstellung."
"Einstellungen – Organisation";"Benutzer-Kalender";"/portal-settings?settings=calendars&tab=user-calendars";"Automatisch generierte Benutzer-/Teamkalender; Daniel Ehmer und Mikail Aslan sichtbar.";"Beobachtet: Kalenderansicht/-verwaltung.";"Zugänglich";"Keine Kalenderänderung."
"Einstellungen – Organisation";"Terminvorlagen";"/portal-settings?settings=calendar-templates";"Keine Terminvorlagen; Archivfilter.";"Beobachtet: Terminvorlage erstellen, Archiviert.";"Zugänglich";"Keine Vorlage erstellt."
"Einstellungen – Organisation";"Kalender-Kategorien";"/portal-settings?settings=calendar-categories";"Keine Kategorien.";"Beobachtet: Kategorie erstellen, Archiviert.";"Zugänglich";"Keine Kategorie erstellt."
"Einstellungen – Organisation";"Ordnerverwaltung";"/portal-settings?settings=folder-management&tab=h360";"Haushalt-/Gewerbe-Tabs; keine Vorlagenordner.";"Beobachtet: Ordner erstellen, Tabs Haushalt/Gewerbe.";"Zugänglich";"Keine Ordneränderung."
"Einstellungen – Organisation";"Persönliche Postfächer";"/portal-settings?settings=mail-inbox&tab=personal-inboxes";"Keine persönlichen Microsoft-/Google-Postfächer.";"Beobachtet: Microsoft-Postfach hinzufügen, Google-Account verbinden.";"Zugänglich";"Keine Mail-Verbindung hergestellt; globale Warnung zu Microsoft-Beeinträchtigungen sichtbar."
"Einstellungen – Organisation";"Firmenweite Postfächer";"/portal-settings?settings=mail-inbox&tab=company-inboxes";"Firmenweite Microsoft-/Google-Postfächer; Lade-/Verbindungszustand sichtbar.";"Beobachtet: Postfach hinzufügen/verbinden.";"Zugänglich; Inhalt teilweise im Ladezustand";"Keine Verbindung hergestellt."
"Einstellungen – Organisation";"Zeiterfassungskategorien";"/portal-settings?settings=time-tracking";"Kategorien Fahrzeit, Umsetzung, Büro, Sonstige.";"Beobachtet: Kategorie erstellen, Archivieren/Verwalten.";"Zugänglich";"Keine Kategorieänderung."
"Einstellungen – Organisation";"Persönliche Benachrichtigungen";"/portal-settings?settings=notifications&tab=personal";"E-Mail-Schalter für Zuweisung, Aufgaben, Checklisten, Termine, tägliche Zusammenfassung; Uhrzeit 10:00; nur überfällig; E-Mail-CC.";"Beobachtet: Toggles, Uhrzeitfeld, Speichern.";"Zugänglich";"Keine Benachrichtigungseinstellung geändert."
"Einstellungen – Organisation";"Firmenweite Benachrichtigungen";"/portal-settings?settings=notifications&tab=company-wide";"Benachrichtigung bei neuer Anfrage; E-Mail-Adresse kontakt@wmee.de sichtbar.";"Beobachtet: Firmenweite Benachrichtigungsschalter/-adressen, Speichern.";"Zugänglich";"Keine Änderung."
"Einstellungen – Kanban Boards";"Board Management";"/portal-settings?settings=kanban-boards&tab=h360";"Haushalts-/Gewerbe-Tabs; Boards Anfrage, Angebot, Installation mit Standardstatus.";"Beobachtet: Board erstellen, Status bearbeiten/archivieren, Tabs.";"Zugänglich";"Keine Boardänderung."
"Einstellungen – Kanban Boards";"Kartenkonfiguration";"/portal-settings?settings=kanban-cards&tab=h360";"Tags DEMO/PV; Warnschwellen; Anzeigeadresse; unvollständige Aufgaben.";"Beobachtet: Karten-/Tag-Konfiguration, Speichern.";"Zugänglich";"Keine Änderung."
"Einstellungen – Aufgaben";"Aufgabenvorlagen & Label";"/portal-settings?settings=tasks&tab=personal";"Persönlich/Firmenweit; keine persönlichen Vorlagen.";"Beobachtet: Vorlage erstellen, Tabs/Archiv.";"Zugänglich";"Keine Vorlage erstellt."
"Einstellungen – Aufgaben";"Projektmanagement (Gewerbe)";"/portal-settings?settings=project-management";"Kein Zugriff; Meldung, dass auch Administratoren keinen Zugriff haben.";"Keine nutzbaren Bearbeitungsfunktionen sichtbar.";"Route zugänglich, Bereich verweigert";"Gewerbe-Projektmanagement nicht aus dieser Sitzung prüfbar."
"Einstellungen – Checklisten";"Qualifikation";"/portal-settings?settings=checklist-qualification&tab=h360";"Haushalts-Checklisteneditor mit Segmenten/Blöcken/Elementen; Gewerbe-Tab gesperrt/deaktiviert.";"Beobachtet: Segment/Block/Element hinzufügen, Vorschau, Speichern.";"Zugänglich für Haushalt; Gewerbe eingeschränkt";"Keine Checkliste geändert."
"Einstellungen – Checklisten";"Beratung";"/portal-settings?settings=checklist-consulting&tab=h360";"Haushaltseditor mit Basisinfos und PV-Abschnitten; Gewerbe gesperrt/deaktiviert.";"Beobachtet: Editor, Vorschau, Speichern.";"Zugänglich für Haushalt; Gewerbe eingeschränkt";"Keine Änderung."
"Einstellungen – Checklisten";"Baustellendokumentation";"/portal-settings?settings=checklist-site-documentation&tab=h360";"Haushaltseditor mit Bohrungen/Gerüst optional sowie DC/AC/PV; Gewerbe gesperrt/deaktiviert.";"Beobachtet: Editor, Abschnitte/Elemente, Vorschau, Speichern.";"Zugänglich für Haushalt; Gewerbe eingeschränkt";"Keine Änderung."
"Einstellungen – Lead Generierung";"Energiehaus – Pakete";"/portal-settings?settings=energyhouse&tab=packages";"PV-, Speicher- und Wallbox-Pakete; sichtbare Paketnamen/Preise; keine Wärmepumpenpakete im Sweep.";"Beobachtet: Pakete hinzufügen, öffentlich-Schalter, Zeilenmenüs.";"Zugänglich";"Paketdaten nur gelesen; keine Ergänzung/Änderung."
"Einstellungen – Lead Generierung";"Energiehaus – Anzeigeeinstellungen";"/portal-settings?settings=energyhouse&tab=display-settings";"Startseite, Stromverbrauchs-Basis/Person, Begrüßungs-/Buttontexte, Paketempfehlung, Anfrage-/Nach-Anfrage-Prozess und Vorschauen.";"Beobachtet: Textfelder, Schalter, Vorschaubereiche, Speichern.";"Zugänglich";"Keine Text-/Schalteränderung."
"Einstellungen – Lead Generierung";"Energiehaus – Varianten/Links";"/portal-settings?settings=energyhouse&tab=links";"Benutzerdefinierte Energiehaus-Konfigurationen (Hausverwaltung, Flyer, Rechner, Fertighäuser) und Nutzeranfragezahlen; Mikail Aslan mit 0.";"Beobachtet: Konfigurationszeilen, Nutzerlinks, Öffnen/QR-/Mehr-Menüs.";"Zugänglich";"Links nur angezeigt; keine Konfiguration geändert."
"Einstellungen – Lead Generierung";"Energiehaus – Einbindung";"/portal-settings?settings=energyhouse&tab=embedding";"Loader-Script, Element-Snippet mit data-product energyhouse und Client-ID, Conversion-Tracking/Eventtypen.";"Beobachtet: Codeblöcke und Skript kopieren, Tracking-Hinweise.";"Zugänglich";"Keine Codes kopiert/verändert; Snippet nur als sichtbare Anleitung erfasst."
"Einstellungen – Lead Generierung";"Energiefirma – Anzeigeeinstellungen";"/portal-settings?settings=energycompany&tab=display-settings";"Corporate-Energiehaus-Startseite mit Begrüßungs-/PV-Wirtschaftstext, Anfrage- und Nach-Anfrage-Texten sowie Vorschau.";"Beobachtet: Textfelder, Schalter, Vorschau, Speichern.";"Zugänglich";"Keine Änderung."
"Einstellungen – Lead Generierung";"Energiefirma – Einbindung";"/portal-settings?settings=energycompany&tab=embedding";"Element-Snippet data-product energycompany und Conversion-Tracking/Eventdokumentation.";"Beobachtet: Codeblöcke, Skript kopieren, Tracking-Hinweise.";"Zugänglich";"Keine Codes kopiert/verändert."
"Einstellungen – Lead Generierung";"Energiefirma – Kostenprofile";"/portal-settings?settings=energycompany&tab=cost-profiles";"Keine Kostenprofile.";"Beobachtet: Kostenprofil erstellen.";"Zugänglich";"Kein Profil erstellt."
"Einstellungen – Lead Generierung";"Energiemieter";"/portal-settings?settings=energytenant";"Kein Zugriff; Meldung, dass Administratoren keinen Zugriff haben.";"Keine nutzbaren Inhalts-/Bearbeitungsfunktionen sichtbar.";"Route zugänglich, Bereich verweigert";"Energiemieter nicht prüfbar."
"Einstellungen – Lead Generierung";"Kontakt-Formular";"/portal-settings?settings=contact-form&tab=h360";"Haushaltsformular-Vorschau mit Anrede, Name, E-Mail, Telefon, Adresse, Interesse, Nachricht; Einbettungssnippet; Gewerbe gesperrt/deaktiviert.";"Beobachtet: Vorschau, Feldkonfiguration, Snippet, Speichern.";"Zugänglich für Haushalt; Gewerbe eingeschränkt";"Keine Formularänderung; kein Absenden."
"Einstellungen – Lead Generierung";"Leadquellen";"/portal-settings?settings=lead-sources&tab=h360";"Quellen Hausverwaltung, Ahmad Ablieh, Asvendo Flyer 2026 Nr. 1, Einwurf Flyer, Rechner, Leuchter Media, Matthias von der Heyden.";"Beobachtet: Haushalts-/Gewerbe-Tabs und Quellenverwaltung.";"Zugänglich";"Keine Quelle geändert."
"Einstellungen – Planung & Angebot";"Planung";"/portal-settings?settings=planning";"Standard-Komponenten-MwSt., Solarplanungsmodus Schnelle Planung/3D, String-Planungsschalter.";"Beobachtet: Dropdowns/Toggles, Speichern.";"Zugänglich";"Keine Planungsoption geändert."
"Einstellungen – Planung & Angebot";"Angebotsvorlagen";"/portal-settings?settings=planning-templates-and-packages&tab=offer-templates";"Eine inaktive Angebotsvorlage Notstromlösung mit automatischer Netztrennung, 0 Pakete konfiguriert.";"Beobachtet: Suche, Angebotsvorlage erstellen, Zeilenmenü, Tabs.";"Zugänglich";"Keine Vorlage aktiviert/erstellt."
"Einstellungen – Planung & Angebot";"Planungspakete";"/portal-settings?settings=planning-templates-and-packages&tab=planning-packages";"Drei aktive Pakete (Notstromlösung, AC-Wallbox, DC-Wallbox) mit Preisen.";"Beobachtet: Suche, Paket erstellen, Aktivstatus, Zeilenmenüs.";"Zugänglich";"Keine Paketänderung."
"Einstellungen – Planung & Angebot";"Planungsvorlagen";"/portal-settings?settings=planning-templates-and-packages&tab=planning-templates";"Eine aktive Vorlage Standardpositionen.";"Beobachtet: Suche, Vorlage erstellen, Status/Zeilenmenü.";"Zugänglich";"Keine Vorlage geändert."
"Einstellungen – Planung & Angebot";"KI-Planungsvalidierung";"/portal-settings?settings=ai-project-checker";"Zehn inaktive KI-Validierungsvorlagen; Haushalt/Gewerbe-Zuordnung sichtbar.";"Beobachtet: Vorlagenliste, Aktivstatus, Bearbeitungs-/Mehr-Menüs.";"Zugänglich";"Keine Vorlage aktiviert."
"Einstellungen – Planung & Angebot";"Förderungen";"/portal-settings?settings=subsidies&tab=h360";"Keine Förderungen; Haushalt-/Gewerbe-Tabs.";"Beobachtet: Förderung erstellen, Tabs.";"Zugänglich";"Keine Förderung erstellt."
"Einstellungen – Planung & Angebot";"Photogrammetrie-Abonnement";"/portal-settings?settings=photogrammetry-subscription";"3D-Drohnenmodell-Abo 99 €/Monat inkl. 20 Jobs, danach 5 €/Job; ein kostenloser Job.";"Beobachtet: Abonnieren, kostenlose Jobs, Kosten-/Leistungsinformationen.";"Zugänglich";"Kein Abo abgeschlossen und kein Job eingelöst."
"Einstellungen – Planung & Angebot";"Rabattvorlagen";"/portal-settings?settings=rebate-templates";"Haushaltsansicht; keine Rabattvorlagen.";"Beobachtet: Rabattvorlage erstellen, Archivfilter.";"Zugänglich";"Keine Vorlage erstellt."
"Einstellungen – Planung & Angebot";"Vorlagen für laufende Kosten";"/portal-settings?settings=recurring-cost-templates";"Kein Zugriff; Administratoren haben keinen Zugriff.";"Keine nutzbaren Funktionen sichtbar.";"Route zugänglich, Bereich verweigert";"Nicht prüfbar."
"Einstellungen – Planung & Angebot";"Angebot – Allgemein";"/portal-settings?settings=offer-general&tab=h360";"Haushalt/Gewerbe; Kundenansprache, Angebotsnummernformat, Preisdisplay Einzel-/Paket-/Gesamtpreis, Angebotssignatur, 14 Tage Gültigkeit.";"Beobachtet: Felder, Toggles, Tabs, Speichern.";"Zugänglich";"Keine Angebotsoption geändert."
"Einstellungen – Planung & Angebot";"Seiten & Design";"/portal-settings?settings=offer-pages-and-design&tab=h360";"PDF-Seitenvorlage mit Deckblatt, Firmenvorstellung, Testimonial, Gebäude, PV, Wallbox, Wärmepumpe, Haushalt, Förderungen, Simulation, Wirtschaftlichkeit, Klimaschutz, Komponenten und Recht; Fußlayout.";"Beobachtet: Seiten-/Designkonfiguration, Reihenfolge/Schalter, Speichern.";"Zugänglich";"Keine Designänderung."
"Einstellungen – Planung & Angebot";"Rechtliches";"/portal-settings?settings=offer-legal&tab=h360";"Ein Entwurf Rechtstextvorlage Entwurf Stand 07.06.2026; Haushalt/Gewerbe-Tabs.";"Beobachtet: Vorlage erstellen, Vorlagenverwaltung, Tabs.";"Zugänglich";"Keine Rechtstextänderung."
"Einstellungen – Simulation";"Simulationsgrundlagen";"/portal-settings?settings=simulation-basics&tab=h360";"Planungshorizont in Jahren; Haushalt/Gewerbe-Tabs.";"Beobachtet: Eingabe/Dropdowns, Speichern.";"Zugänglich";"Keine Simulationseinstellung geändert."
"Einstellungen – Simulation";"Strom & Gaspreise";"/portal-settings?settings=energy-gas-price";"Standardpreise für Strom/Gas/Öl, Steigerungsraten, Wärmepumpenstandardwerte; keine Tarife.";"Beobachtet: Tarif erstellen, Preisfelder, Speichern.";"Zugänglich";"Keine Preise/Tarife geändert."
"Einstellungen – Simulation";"Heizlast Materialien";"/portal-settings?settings=heating-load-materials";"Haushaltsansicht; DIN-EN-12831-Standardwerte; keine benutzerdefinierten Materialien.";"Beobachtet: Material erstellen, Felder, Speichern.";"Zugänglich";"Keine Materialänderung."
"Einstellungen – Fortschrittsverfolgung";"Installationsfortschritt";"/portal-settings?settings=installation-tracking";"Statuskonfiguration sichtbar; Bearbeiten-Schaltfläche.";"Beobachtet: Statusverwaltung/Bearbeiten.";"Zugänglich";"Detailzustand nur oberflächlich geprüft; keine Statusänderung."
"Einstellungen – Fortschrittsverfolgung";"FAQ";"/portal-settings?settings=faq";"FAQ-Bereich für Kundenportal/Installations-Kanban; im Sweep keine Detailfragen sichtbar.";"Beobachtet: FAQ-Bereich und Verwaltungsnavigation.";"Zugänglich; Inhalte nicht vollständig geladen/angezeigt";"Keine FAQ geändert."
"Einstellungen – Vorlagen für Dateianfragen";"Vorlagen für Dateianfragen";"/portal-settings?settings=file-request-templates";"Keine manuellen Vorlagen; automatische Vorlagen für Fotos (Zählerschrank, Dach, Wallbox, Verteilerschrank, Wechselrichter/Batteriestandort, sonstige) inaktiv; Haushalt.";"Beobachtet: Vorlagen-/Aktivschalter, Archiv-/Bearbeitungsfunktionen.";"Zugänglich";"Keine Vorlage aktiviert/erstellt."
"Einstellungen – Kundenkommunikation";"Automatische E-Mails";"/portal-settings?settings=automatic-emails&tab=h360";"E-Mail-Inhalte nach Anfrage, erstem/überarbeitetem Angebot, Datei-Anfragen, Angebotsannahme, Kundenportal-Freigabe und Absage; Haushalt/Gewerbe.";"Beobachtet: E-Mail-Inhalte öffnen, Tabs, Speichern.";"Zugänglich";"Keine E-Mailvorlage geändert; kein Versand."
"Einstellungen – API / Developers";"Webhooks";"/portal-settings?settings=api-webhooks-page";"HTTPS-Endpunkt, Aktiv-Schalter, Signaturschlüssel, abonnierte Ereignisse; 0/24 Ereignisse ausgewählt; Zustellversuche.";"Beobachtet: Dokumentation, Endpunkt-/Signaturschlüssel-Felder, Ereignisse auswählen, Speichern, Testereignis senden.";"Zugänglich";"Keine URL/Schlüssel/Ereignisse geändert; Testereignis nicht gesendet."
"Einstellungen – API / Developers";"API";"/portal-settings?settings=api";"API-Schlüssel-Liste mit Zugriffsebene/Letzter Verwendung/Erstellt von/Aktiv; Beispiel-cURL und Dokumentationslink.";"Beobachtet: Dokumentation, Logs anzeigen, API-Schlüssel erstellen, Aktivverwaltung.";"Zugänglich";"Keine Schlüssel erstellt/angezeigt/rotated; sensible Schlüsselwerte nicht ausgelesen."
"Verkaufsassistent";"Verkaufsassistent – Analysen";"/sales-assistant/analyses";"Analyse-/Wettbewerber-Navigation und die vorhandene Analyse WM Erneuerbare Energien – 11,25kWp PV mit Speicher & Wallbox.";"Beobachtet: Neue Analyse, Analyse öffnen, Wettbewerber-Navigation.";"Zugänglich";"Direkter Aufruf zeigte im Sweep dieselbe Analyseübersicht wie der Verkaufsassistent; keine neue Analyse gestartet."
"Verkaufsassistent";"Verkaufsassistent – Wettbewerberliste";"/sales-assistant/competitors";"2 Wettbewerber: My Solar Express (durchwachsen, 1 Angebot, Osnabrück) und WM Erneuerbare Energien GmbH (positiv, 1 Angebot, Dielheim).";"Beobachtet: Zusammenführen, Wettbewerber öffnen, Analyse-/Angebotsnavigation.";"Zugänglich";"Keine Wettbewerber zusammengeführt oder Daten aktualisiert."
"Verkaufsassistent";"Verkaufsassistent – Neue Analyse";"/sales-assistant/new";"Ansicht mit Uploadbereich für Konkurrenzangebote (PDF/Bild) und Bestätigung der Berechtigung/Verarbeitung; Analyse erstellen zunächst deaktiviert.";"Beobachtet: Konkurrenzangebote hochladen, Zustimmung, Analyse erstellen.";"Zugänglich";"Keine Dateien hochgeladen; keine Zustimmung erteilt und keine Analyse erstellt."
"Dateien – Übersicht";"Meine Dateien";"/files?subview=files";"Tab Dateien; Empty State Noch keine Dateien; Ablagehinweis für Bild, PDF, CSV oder Excel";"Tabs Dateien und Datei-Anfragen; Dateien auswählen; Dropzone/Klickbereich";"Zugänglich";"Keine Dateien vorhanden; Datei-Auswahl/Upload nicht betätigt."
"Dateien – Datei-Anfragen";"Meine Dateien";"/files?subview=fileRequests";"Leerer Anfragebereich; Hinweis, dass Bilder oder PDFs direkt aus dem Tool per E-Mail angefordert werden können";"Tabs Dateien und Datei-Anfragen; Los geht's; Nicht jetzt";"Zugänglich";"Keine Anfrage gestartet oder versendet; keine Formulareingabe."
"Notizen";"Meine Notizen";"/notes";"Interne Notiz-Ansicht mit Editor-Platzhalter Deine interne Anmerkung...";"Formatierungsleiste mit H1 bis H6; Aufnehmen; Absenden; @-Benachrichtigungen; Editor";"Zugänglich";"Keine Notiz eingegeben, aufgenommen oder abgesendet."
"Aufgaben – zusätzliche Ansicht";"Aufgaben";"/tasks";"Ansichten/Alle Aufgaben sichtbar; 1 Ergebnis Objektaufnahme; nach Umschalten keine URL-Änderung";"Alle Aufgaben; Suche; Fälligkeit; Nutzer; Teams; Labels; Abgeschlossen; Aufgabe hinzufügen; Zeilenaktionen";"Zugänglich";"Zusätzliche Ansicht ist clientseitig auf derselben Route; Aufgabe nicht geöffnet oder geändert."
"Agenten – Leeransicht im KI/Agenten-Reiter";"Aufgaben";"/tasks";"Agenten-Reiter ausgewählt; Noch keine Agenten";"Reonic KI; Agenten; Plus/Add-Control; Schritt-für-Schritt Agenten-Erstellung";"Zugänglich";"Der Agenten-Reiter zeigte zunächst keine Agenten und blieb auf /tasks; separater Listenpfad wurde über den Add-Control erreicht."
"Reonic KI – generisches Modal";"Reonic KI";"/tasks";"Modal Reonic KI: Wobei kann ich dir helfen? Frag zur aktuellen Seite, entwirf Angebote oder erkunde deine Daten.";"Vorschläge Fasse zusammen, was ich gerade sehe; Was sind meine offenen Aufgaben?; Entwirf eine Notiz für dieses Projekt; Anhang; Frag mich alles…; Senden";"Zugänglich";"Modal öffnet über den Plus/Add-Control; direkter Klick auf den bereits ausgewählten Reonic-KI-Reiter war ohne sichtbare Änderung; keine Vorschlag-Auswahl und keine Nachricht gesendet."
"Schritt-für-Schritt Agenten-Erstellung – KI-Modal";"Reonic KI";"/tasks";"Assistant erklärt Agent als digitalen Mitarbeiter; fragt nach Aufgabe und Trigger; Beispiele Kunden danken, Installationsaufgaben erstellen, überfällige Rechnungen; Vorschläge auf Basis aktueller Projekte";"Chat-Eingabe Frag mich alles…; Anhang; Senden; Modal-Steuerung für neues/erweitertes/schließbares Fenster";"Zugänglich";"Über sichtbaren Einstieg Schritt-für-Schritt Agenten-Erstellung erreichbar; keine Chat-Nachricht gesendet. Beim Audit wurde durch einen versehentlichen ESC-Tastaturversuch lokal ungesendeter Text ESC in das Eingabefeld geschrieben und nicht abgesendet."
"Agenten – Liste";"Agenten Beta";"/agents";"Zunächst Noch keine vorhanden; nach dem Öffnen von Neuer Agent listete die Ansicht N Neuer Agent mit 1 Job; Agenten vorschlagen sichtbar";"Suche; Neuer Agent; Agenten vorschlagen; Agenten-Karte; Läufe letzte 30 Tage";"Zugänglich";"Der Einstieg Neuer Agent erzeugte beim Audit trotz fehlender Speicherung einen UUID-Draft und danach einen sichtbaren Agenten mit 1 Job; keine Felder gespeichert oder bearbeitet; kein Löschen ausgeführt."
"Agenten – Vorschlagsdialog, Scan";"Arbeitsbereich wird gescannt";"/agents";"Nach Agenten vorschlagen zunächst Scan-Dialog Arbeitsbereich wird gescannt";"Scan-/Dialogschließen-Steuerung sichtbar";"Zugänglich, Scan abgeschlossen";"Nur Lesescan; keine Empfehlung angenommen oder erstellt."
"Agenten – Vorschlagsdialog, erweitert";"Agenten vorschlagen";"/agents";"8 Probleme, die dich gerade Geld kosten; 7 Karten sichtbar plus separat gruppierte Karte, insgesamt Agent 1 bis Agent 8: 24 neue Leads ohne Besitzer; 108,1K unterzeichnete Abschlüsse warten auf Installation; 3 untätige Angebote seit 14+ Tagen; 1 Installation mit offener Checkliste; Angebote ohne Tags; tägliche Zusammenfassung neuer Anfragen; neue Leads bei Eingang vorqualifizieren";"Agenten vorschlagen; Mehr anzeigen; Agenten erstellen deaktiviert; Karten mit Beheben mit und Auslösern Bei Anfrageerstellung oder täglich 06:00/07:00";"Zugänglich";"Empfehlungen sind Portal-/KI-Anzeigen und wurden nicht unabhängig validiert; keine Karte ausgewählt, kein Agent erstellt."
"Agenten – Neuer Agent";"Agenten / Neuer Agent";"/agents/4525fd33-c247-46a3-a2c7-0c3e46c5d1c7";"Name standardmäßig Neuer Agent; übergeordnetes Ziel; Status Im Urlaub/Arbeitet; automatische bestätigungspflichtige Aktionen Nein/Ja; Jobs mit 0 Läufen und Noch keine vorhanden";"Name-Eingabe; Ziel-Textarea; Statusschalter; Nein/Ja-Schalter; Job hinzufügen; Speichern";"Zugänglich";"UUID-Route wurde durch Öffnen von Neuer Agent erzeugt; kein Text eingegeben, kein Schalter geändert, kein Job gespeichert."
"Agenten – Job-Konfiguration";"Agenten / Neuer Agent / Job 1";"/agents/4525fd33-c247-46a3-a2c7-0c3e46c5d1c7/tasks/4a53bb2f-7845-42f9-8d70-8cadbe0961f8";"Job 1; Status Inaktiv/Aktiv; Hinweis Anweisung ist erforderlich; Trigger Bei Projektstatusänderung oder Jede Statusänderung; Beschreibung; Gedächtnis Noch keine Erinnerungen; vergangene Läufe 0 erfolgreich";"Job-Name; Trigger-Auswahl; Beschreibung-Textarea; Speichern; Testen";"Zugänglich";"Route wurde durch Öffnen von Job hinzufügen erzeugt; keine Anweisung/Trigger-Auswahl eingegeben, kein Test und keine Speicherung ausgeführt."
